{"default":{"eye":[-9.8174877166748,-7.86470651626587,12.1524105072021],"target":[15.4663867950439,10.4536647796631,-17.8503017425537]}}