{"default":{"eye":[6.50246143341064,7.269859790802,9.35000038146973],"target":[-17.3089065551758,-14.2698783874512,-19.7026824951172]}}